[
  {
    "option_id": "opt-hair",
    "value_key": "short07",
    "label": "Vibrant Short Hair",
    "keywords": [
      "green",
      "short",
      "stylish"
    ]
  },
  {
    "option_id": "opt-hair",
    "value_key": "short08",
    "label": "Playful Short Cut",
    "keywords": [
      "playful",
      "short",
      "cut"
    ]
  },
  {
    "option_id": "opt-hair",
    "value_key": "short09",
    "label": "Charming Short Style",
    "keywords": [
      "short",
      "green",
      "playful"
    ]
  },
  {
    "option_id": "opt-hair",
    "value_key": "long12",
    "label": "Chic Green Updo",
    "keywords": [
      "green",
      "updo",
      "chic"
    ]
  },
  {
    "option_id": "opt-hair",
    "value_key": "long13",
    "label": "Twisted Green Buns",
    "keywords": [
      "green",
      "buns",
      "twisted"
    ]
  },
  {
    "option_id": "opt-hair",
    "value_key": "long14",
    "label": "Playful Green Pigtails",
    "keywords": [
      "green",
      "pigtails",
      "playful"
    ]
  }
]