{
  "quick_export": {
    "data": {
      "public.project_issues": []
    },
    "files": {
      "assistant_context": "SupabaseInfo.txt",
      "this_script": "scripts/tasks-cli.mjs",
      "other_guides": [
        "ASSISTANT_CONTEXT.md",
        "prompt.txt",
        "OpenAI_Integration_Guide.md"
      ]
    },
    "instructions": {
      "primary": "Please consult the Supabase quick_export snapshot file specified in files.assistant_context (SupabaseInfo.txt) first for current DB data and schema information.",
      "secondary": "If you still need higher-level app guidance or conventions, consult ASSISTANT_CONTEXT.md next.",
      "fallback": "If more live database/schema context is required beyond the exported snapshot, use the Supabase CLI locally: `supabase login`, `supabase link --project-ref <ref>`, `supabase db pull`, and `supabase gen types typescript --linked > supabase.types.ts`."
    }
  }
}